<?xml version="1.0" encoding="UTF-8"?>
<beans xmlns="http://www.springframework.org/schema/beans"
	xmlns:xsi="http://www.w3.org/2001/XMLSchema-instance"
	xsi:schemaLocation="http://www.springframework.org/schema/beans http://www.springframework.org/schema/beans/spring-beans.xsd">

	<!-- Root Context: defines shared resources visible to all other web components -->
	<bean id="userDAO" class="com.neu.edu.wtp.dao.UserDAO"></bean>
	<bean id="user" class="com.neu.edu.wtp.pojo.User"></bean>
	<bean id="customerDAO" class="com.neu.edu.wtp.dao.CustomerDAO">
		<property name="randomNumberUtility">
			<bean id="randomNumberUtility" class="com.neu.edu.wtp.utility.RandomNumberUtility"></bean>
		</property>
	</bean>

	<bean id="bankAccountDAO" class="com.neu.edu.wtp.dao.BankAccountDAO">
		<property name="randomNumberUtility">
			<bean id="randomNumberUtility" class="com.neu.edu.wtp.utility.RandomNumberUtility"></bean>
		</property>
	</bean>

	<bean id="transactionDAO" class="com.neu.edu.wtp.dao.TransactionDAO"></bean>
	<bean id="cardDAO" class="com.neu.edu.wtp.dao.CardDAO"></bean>
	<bean id="userValidator" class="com.neu.edu.wtp.Validators.UserValidator"></bean>
	<bean id="bankValidator" class="com.neu.edu.wtp.Validators.BankValidator"></bean>
	<bean id="cardValidator" class="com.neu.edu.wtp.Validators.CardValidator"></bean>
	<bean id="passwordValidator" class="com.neu.edu.wtp.Validators.PasswordValidator"></bean>
	<bean id="sessionCounter" class="com.neu.edu.wtp.utility.SessionCounter"></bean>

	<bean id="customerValidator" class="com.neu.edu.wtp.Validators.CustomerValidator">
		<property name="passwordStrengthRegEx">
			<bean id="passwordStrengthRegEx" class="com.neu.edu.wtp.utility.PasswordStrengthRegEx"></bean>
		</property>
	</bean>


	<bean id="chequeDepositRequestDAO" class="com.neu.edu.wtp.dao.ChequeDepositRequestDAO"></bean>
	<bean id="fileUploadUtility" class="com.neu.edu.wtp.utility.FileUploadUtility"></bean>
	<bean id="emailUtility" class="com.neu.edu.wtp.utility.EmailUtility"></bean>
	<bean id="randomNumberUtility" class="com.neu.edu.wtp.utility.RandomNumberUtility"></bean>
	<bean id="passwordEncryption" class="com.neu.edu.wtp.utility.PasswordEncryption"></bean>




</beans>
