<?xml version="1.0" encoding="UTF-8"?>
<ehcache xmlns:xsi="http://www.w3.org/2001/XMLSchema-instance"
    xsi:noNamespaceSchemaLocation="ehcache.xsd" updateCheck="true"
    monitoring="autodetect" dynamicConfig="true">
 
    <diskStore path="java.io.tmpdir/ehcache" />
 
    <defaultCache maxEntriesLocalHeap="10000" eternal="false"
        timeToIdleSeconds="120" timeToLiveSeconds="120" diskSpoolBufferSizeMB="30"
        maxEntriesLocalDisk="10000000" diskExpiryThreadIntervalSeconds="120"
        memoryStoreEvictionPolicy="LRU" statistics="true">
        <persistence strategy="localTempSwap" />
    </defaultCache>
 
    <cache name="user" maxEntriesLocalHeap="10000" eternal="false"
        timeToIdleSeconds="5" timeToLiveSeconds="10">
        <persistence strategy="localTempSwap" />
    </cache>
 
    <cache name="org.hibernate.cache.internal.StandardQueryCache"
        maxEntriesLocalHeap="5" eternal="false" timeToLiveSeconds="120">
        <persistence strategy="localTempSwap" />
    </cache>
 
    <cache name="org.hibernate.cache.spi.UpdateTimestampsCache"
        maxEntriesLocalHeap="5000" eternal="true">
        <persistence strategy="localTempSwap" />
    </cache>
</ehcache>